image_name,rating
00000000.jpg,7
00000001.jpg,4
00000002.jpg,7.0
00000003.jpg,3
00000005.jpeg,8
00000006.png,2
00000007.jpg,2
00000008.jpg,3
00000009.jpg,4
00000010.jpg,6
00000013.jpg,6.0
00000014.jpeg,8
00000016.jpg,6
00000017.jpg,6
00000018.jpg,7
00000019.jpg,6
00000020.jpg,6
00000021.jpg,6
00000022.jpg,8
00000023.jpg,7
00000024.png,7
00000025.jpg,7
00000026.jpg,7
00000027.jpg,6.0
00000028.jpeg,8
00000029.jpg,6
00000030.jpg,6
00000033.jpg,6
00000034.jpg,8
00000036.jpg,6
00000038.png,6
00000039.jpg,3
00000040.jpg,5
00000041.jpg,6
00000042.jpg,8
00000043.jpg,7
00000045.jpg,2
00000046.jpg,6
00000048.jpg,8
00000049.jpg,7.0
00000050.jpg,5
00000051.jpg,5
00000052.jpg,2
00000053.jpeg,3
00000054.png,5
00000055.jpg,6
00000056.jpeg,4
00000058.jpg,5
00000059.jpg,6
00000061.jpg,3
00000062.jpg,5
00000063.jpg,3
00000064.jpg,4
00000065.jpg,5
00000066.jpg,5
00000067.jpg,5
00000069.jpg,5
00000070.jpg,5
00000071.jpg,6
00000072.jpg,1.0
00000073.jpg,7
00000075.jpg,6
00000077.jpg,8
00000078.png,2.0
00000079.jpg,7
00000080.jpg,5
00000081.jpg,8.0
00000083.jpg,8
00000084.jpg,6
00000086.jpg,2
00000087.jpeg,8
00000088.jpg,2
00000089.jpg,5
00000090.png,6
00000091.jpg,6
00000092.jpg,5
00000093.jpg,7
00000096.jpg,5
00000098.jpg,4
00000099.jpg,5
00000100.jpg,2
00000101.jpg,8
00000102.jpg,6
00000103.jpg,3
00000104.jpg,7
00000105.jpg,6
00000107.jpg,7
00000108.jpg,6
00000111.jpg,4
00000112.jpg,3
00000113.jpg,3
00000114.jpg,6
00000116.png,4
00000117.jpg,2
00000118.jpg,6
00000120.jpg,4
00000121.jpg,5
00000124.JPG,1
00000125.png,6
00000126.jpg,6
00000127.jpg,8
00000128.jpg,7
00000130.jpg,2
00000131.jpg,5
00000132.jpg,2
00000133.jpg,6
00000137.jpg,6
00000138.jpg,2
00000140.jpg,7
00000141.jpg,4.0
00000142.jpg,6
00000143.jpg,6
00000144.jpg,7
00000146.jpg,7.0
00000147.jpg,8
00000148.jpeg,7
00000149.jpg,7
00000150.jpg,6
00000151.jpg,3
00000152.jpg,7
00000154.jpg,6
00000155.jpg,6
00000156.jpg,8
00000157.jpg,6
00000159.jpg,6
00000160.jpg,5
00000161.jpg,7
00000162.jpg,2
00000163.jpg,5
00000164.jpg,7
00000165.jpg,6
00000166.jpg,6
00000169.jpg,4
00000173.jpeg,5
00000174.jpg,6
00000175.jpg,6
00000176.jpg,6
00000177.jpg,7
00000178.jpg,7
00000181.jpg,6
00000182.jpg,6
000001835.png,7.0
00000185.jpg,4
00000186.jpg,7
00000187.jpg,7
00000188.jpg,2
00000189.jpg,6
00000190.jpg,5
00000191.jpg,6
00000192.jpg,8
00000198.png,3
00000200.jpg,5
00000202.jpg,3
00000203.jpg,3
00000204.jpg,5
00000205.jpg,5
00000207.jpg,4
00000211.jpg,7
00000212.png,1.0
00000213.jpg,2
00000215.jpg,3
00000216.jpg,6
00000217.jpg,7
00000218.jpg,7
00000221.jpg,5
00000222.jpg,2
00000223.jpg,5
00000224.jpg,5
00000225.jpg,5
00000226.jpg,5
00000228.jpg,6
00000229.jpg,2
00000230.jpg,7
00000231.jpg,7
00000233.jpg,6
00000234.jpg,8
00000235.jpg,7
00000236.jpg,7
00000240.png,3
00000241.jpg,1
00000242.jpg,4
00000244.jpg,6
00000245.jpg,4
00000246.jpg,5
00000248.jpg,7.0
00000249.jpg,6
00000250.jpg,7
00000251.jpg,6
00000253.jpg,6
00000254.jpg,5
00000256.jpg,3
00000258.jpg,3
00000261.jpg,8.0
00000262.jpg,7
00000263.jpg,2
00000264.jpg,7
00000267.jpg,4
00000269.jpg,4
00000270.jpg,2.0
00000271.jpg,4.0
00000272.jpg,3
00000274.jpg,6
00000275.jpg,5
00000277.jpg,3
00000279.jpg,4
00000280.png,4
00000285.jpg,8
00000287.jpg,3
00000289.jpg,5
00000290.jpg,7
00000291.jpg,6
00000292.jpg,3
00000295.jpg,4
00000299.jpg,3
00000301.jpg,4
00000302.jpg,5
00000303.jpg,5
00000304.jpg,4
00000305.jpg,5
00000306.png,5
00000307.jpg,4
00000312.jpg,4
00000314.jpg,2
00000316.jpg,3
00000317.jpeg,2
00000319.jpg,5
00000322.jpg,6
00000323.jpg,2
00000325.jpg,4
00000327.jpg,6
00000330.jpg,7
00000333.jpg,3
00000334.jpg,6
00000336.jpg,5
00000339.jpg,6
00000343.jpg,6
00000345.jpg,6
00000349.jpg,6.0
00000350.jpg,5
00000354.jpg,2
00000368.jpg,4
00000369.jpg,7
00000377.jpg,4
00000392.jpg,6
00000406.jpg,2
00000435.jpg,7
00000437.jpg,5
00000439.jpg,5
00000441.png,2
00000442.jpg,2
00000443.jpg,6
00000446.jpg,2
00000447.jpg,6
00000448.jpg,4
00000449.jpg,6
00000456.png,5
00000457.jpg,7
00000461.png,7
00000464.jpg,5
00000469.jpg,2
00000471.jpg,4
00000474.jpg,5
00000475.jpg,7
00000476.jpg,2
00000487.jpg,6
00000491.jpg,6
00000493.jpg,2
00000498.jpg,6
00000326.JPG,2
00000501.jpg,3
00000503.jpg,4
00000504.jpg,6
00000506.jpg,5
00000524.jpg,6
00000528.jpg,4
00000529.jpg,8.0
00000549.jpg,1
00000561.jpg,3
00000564.jpg,4
00000569.jpg,7
00000582.jpg,5
00000609.jpg,4
00000610.jpg,4
00000611.jpg,8
00000629.jpg,6
00000632.jpg,6
00000659.jpg,6
00000664.jpg,3
00000690.jpg,8
00000691.jpg,2
00000703.jpg,1.0
00000729.jpg,6
00000734.jpg,5.0
00000736.jpg,3
00000770.jpg,7
00000820.jpg,6
00000824.jpg,3
00000839.jpg,7
00000845.jpg,7.0
00000851.jpg,8
00000859.jpg,6
00000861.jpg,6
00000864.jpeg,8
00000865.jpg,8
00000866.jpg,7
00000867.jpg,8
00000868.jpg,8
00000869.jpg,4.0
00000871.jpg,4
00000872.jpg,6
00000873.jpg,4
00000874.jpeg,9
00000875.jpg,3
00000876.jpg,5
00000877.jpg,5
00000878.jpg,5
00000879.jpg,7
00000880.jpeg,7
00000881.jpg,6.0
00000882.jpg,6
00000883.jpg,6
00000884.jpg,3
00000885.jpg,6
00000912.jpg,2
00000915.jpg,6
00000916.jpg,7
00000917.jpg,7
00000918.jpg,4
00000925.jpg,6
00000926.jpg,7
00000927.jpg,6
00000928.jpg,2
00000929.jpg,1
00000930.jpg,3.0
00000931.jpg,5
00000932.jpg,5
00000933.jpg,2
00000934.jpg,4
00000935.jpg,7
00000936.jpg,6
00000937.jpg,6
00000938.jpg,4
00000939.jpg,4
00000940.jpg,7
00000941.jpg,8
00000942.jpg,7
00000943.png,5
00000944.jpg,4
00000945.png,3
00000946.jpg,6
00000947.PNG,7.0
00000948.jpg,4.0
00000949.jpg,7
00000950.jpg,5
00000951.jpg,7
00000952.jpg,6
00000953.jpg,5
00000954.jpg,4
00000955.jpg,4
00000956.jpg,7.0
00000957.jpg,7
00000958.jpg,5.0
00000959.jpg,3
00000960.jpg,7
00001000.jpg,7
00001001.jpg,8
00001002.jpg,8
00001003.jpg,8
00001004.jpg,6
00001005.jpg,5
00001006.jpg,1.0
00001007.jpg,5
00001008.jpg,5
00001009.JPG,4
00001010.jpg,6
00001011.JPG,8
00001012.jpg,7
00001013.jpg,3
00001014.jpg,1
00001015.jpg,6
00001016.jpg,5
00001017.jpg,1.0
00001018.jpg,8
00001020.jpg,8
00001021.jpg,7
00001048.jpg,1
00001049.jpg,1
00001050.jpg,7
00001051.jpg,4
00001052.jpg,3.0
00001053.jpg,3.0
00001054.JPG,2
00001055.jpg,5
00001056.jpg,6
00001057.jpg,7
00001058.jpg,7
00001059.jpg,2
00001075.jpg,7
00001076.jpg,6
00001077.jpg,6
00001078.jpg,7
00001079.jpg,2
00001080.jpg,6
00001081.jpg,5
00001082.jpg,5
00001083.jpg,7
00001093.png,8
00001094.jpeg,1
00001115.png,3
00001119.png,5.0
00001140.png,5
00001142.png,5
00001143.jpg,6
00001144.jpg,6.0
00001146.jpg,5
00001147.jpg,6
00001149.jpg,3
00001150.jpg,4
00001151.jpg,3
00001152.jpg,6
00001153.jpg,5
00001154.jpg,2
00001156.jpg,8
00001157.jpg,1.0
00001158.jpg,8.0
00001191.jpg,5.0
00001192.jpg,2
00001193.jpg,1
00001194.jpg,7
00001196.jpg,8
00001197.jpg,9
00001198.jpg,2
00001199.jpg,5.0
00001210.jpg,8
00001214.jpg,6
00001215.jpg,2
00001219.jpg,3
00001220.jpg,3
00001221.jpg,3
00001229.jpg,1.0
00001232.PNG,2
00001235.jpg,7
00001236.jpeg,6
00001237.jpg,1
00001238.jpg,2
00001244.jpg,6
00001245.jpg,2
00001246.jpg,1
00001247.jpg,7
00001248.jpg,7
00001249.jpg,7.0
00001250.jpg,2
00001259.jpg,1
00001260.jpg,3.0
00001261.jpg,8
00001262.jpg,8
00001263.jpg,2
00001264.jpg,3
00001272.jpg,1.0
00001273.jpg,7
00001274.jpg,6
00001275.jpg,7
00001276.jpg,7
00001283.jpg,2
00001284.jpg,1.0
00001285.jpg,8
00001286.jpg,5
00001287.jpg,4
00001288.png,3
00001289.jpg,2
00001291.png,7
00001292.jpg,2
00001307.jpg,2
00001309.JPG,7
00001310.jpg,2
00001311.jpeg,7
00001312.jpg,7
00001321.jpg,7.0
00001322.jpg,5
00001324.jpg,7
00001327.jpg,6
00001334.jpg,3
00001335.jpg,2
00001336.jpg,4
00001341.jpg,8
00001342.jpg,2
00001343.jpg,7
00001344.jpeg,3
00001345.jpg,2
00001353.jpg,2
00001354.jpg,4.0
00001355.jpg,8
00001362.jpg,7
00001364.jpg,7
00001365.jpg,6
00001366.jpg,2
00001367.jpg,2
00001368.jpg,2
00001369.jpg,4
00001370.jpg,7.0
00001372.jpg,6
00001373.jpg,3
00001374.jpg,1
00001388.jpg,2
00001389.jpg,3
00001390.jpg,3
00001392.jpg,3
00001393.jpg,6.0
00001394.jpg,3
00001396.png,2
00001397.jpg,7
00001398.jpg,1
00001399.jpg,4
00001400.jpeg,5
00001401.jpg,5.0
00001421.jpg,2
00001422.jpg,6
00001426.jpg,6
00001427.jpg,5
00001432.jpg,5
00001433.jpg,7
00001434.jpg,2
00001441.jpg,2
00001444.jpg,6
00001448.jpg,8
00001449.jpg,9
00001457.jpg,1
00001458.jpg,1
00001459.jpg,2
00001460.jpg,3
00001461.jpg,3
00001469.jpeg,6
00001472.png,5
00001473.jpg,5
00001474.jpg,6
00001475.jpg,3
00001476.jpg,8
00001478.png,7
00001491.jpg,3
00001492.jpg,2
00001493.png,6
00001502.jpg,8
00001503.jpg,3.0
00001504.jpg,2
00001505.jpg,2
00001507.jpg,5.0
00001519.jpg,6
00001521.jpg,7
00001525.jpg,7
00001533.jpg,6.0
00001534.jpg,2
00001535.jpg,5
00001541.jpg,2.0
00001542.jpg,1
00001545.jpg,1.0
00001546.jpg,6
00001548.jpg,6
00001549.jpg,6
00001559.jpg,2
00001561.jpg,1
00001565.png,4
00001570.jpg,5
00001571.jpg,2
00001572.jpg,5
00001583.jpg,7
00001584.jpg,7
00001585.jpg,7
00001599.jpg,5
00001600.jpg,1
00001606.jpg,7
00001612.jpg,7
00001621.jpg,1
00001634.jpg,6
00001636.jpg,3
00001637.jpg,7
00001638.png,8
00001647.jpg,9
00001649.jpg,9
00001650.jpeg,7.0
000EP1S4SMS348WW-C461-F4.jpg,10
000L96IK3JHTP5KD-C461-F4.jpg,10
000LT5B69S5EJJ4V-C461-F4.jpg,8
007bf5f60f2480bc4bc0858ed96122d3.jpg,2
014366_r0_940.jpg,7.0
09e9f0498a0e26495ea1e66ac6238086.jpg,8
0d2b8ad7-e2fc-464d-97b6-fa27ede93682.jpg,9.0
0f0aa3195188f1d7a1433789bf6ec95d (1).jpg,9
0f0aa3195188f1d7a1433789bf6ec95d.jpg,9
1010343-sveta-bilyalova-5.jpg,9
102b578739fb4e28abb6af22cb63bdce.jpg,9
1101599_1.2.jpg,8
129dd360bc0000856eae16c4c041d301.jpg,9
13e5e4e2fd1f45040fc206bff62468da.jpg,10
1547215549.jpg,10
159139392-portrait-of-mature-beautiful-woman-outdoor-pretty-aged-female-60-years-old-is-walking-outside.jpg,2
163297916_269575858058123_3737692028027470654_n.jpeg,8.0
1644320995.jpg,9
16919402742736.jpg,9
1840780.jpg,9
1_Yo8ce_KA_9_Rv_P3zi_S_Fm_B06_S_Kendall_Jenner_2_8a5b521da8.jpg,9
2-3-1024x683.png,10
2005-angelina-jolie-567_0-8426e5132c3f4be89d29965b3eaa54af.jpg,9
200541.jpg,8.0
2017-09-09-06-59-25-576x864.jpg,8
20250902_134242-Perla.jpg,2
213f6409842fe4458031a49038592e73.jpg,9
24.jpg,7
250387_full.jpg,9
"250px-Marilyn_Monroe,_Photoplay_1953.jpg",9
25b70c93b9e3a3bb9e1b21c073f7d09f.jpg,9
2c9d706a6290996935621c3fb8df9b4b.jpg,9
2faee7cb833ececa6d2e6f00d5a30dae.jpg,9.0
35887-352x500.jpg,9
360_F_1009028476_s2HIRmhTGr6NWMvUB2vhYQUB3GnJzOg3.jpg,9
360_F_1009028659_fF8uBnikBRfzWcGoknMeVn0o0k8tSd9J.jpg,8.0
450050_1.3.jpg,9
46001206310448354373796376559562721625019307n-9fcf01a-e1727202862208.jpg,9
465643_1.3.jpg,9
473012_1.3.jpg,3
478244.3.jpg,8
479078.3.jpg,2.0
47b5ef07f0ddaa8b63f569dceef2e279.jpg,9
481384.3.jpg,8
48b96565dff9d05d94d2ff27446cbe3d.jpg,8
516dccc5ef056_o_medium.jpg,2
5232b0de7be03c6cbfb1033134ced016.jpg,8
"5b22c6ffdc57b_o,size,969x565,q,71,h,17fe88.jpg",8.0
5e4d47398c78c_p.jpg,9
"6120Zibat2L._AC_UF894,1000_QL80_.jpg",8.0
617RLDyza4L._AC_SL1500_.jpg,10
"61jOLEj2avL._AC_UF1000,1000_QL80_.jpg",9
"61orsnrHV8L._AC_UF1000,1000_QL80_.jpg",8.0
62d16c9022fa1_o_medium.jpg,8
633b341298263901ce627995-alexandra-daddario-8-x-10-8x10-photo.jpg,9
64011107943d0_o_large.jpg,10
653fcb86c63a5_o_medium.jpg,9
6606e44266422_o_medium.jpg,9
666165d041831_o_medium.jpg,9
66f756f0b4718e30a9fb14f84c9d3a5d.jpg,9
734828_poster.jpg,9
755846_poster.jpg,9
79a986159b5bfccdeae7b7965b47d921.jpg,8
7b6e00815673fb27f3a1b73c597c43b6.jpg,9
"80dc99ae90dbcbfaf68e6aeeab73c087,0,0,0,0.jpg",9
"815ijsFXl7L._AC_UF894,1000_QL80_.jpg",9
849725d468c918dec43b913993de0889.jpg,9
926c82494814ecc3d130bc69a9a2f379.jpg,9
94cab7ee000a5a9c.jpg,9
958fc614da31d4dd7458cfa6446f7e20.jpg,9
973a7bc1cee77637ac0247080181b894.jpg,9
9a456b17cfc083d779123cc7ae8f9e07.jpg,9
9b0c6efdf34124fe0f6c4851c728ef48.jpg,10
9e6974123067827.60e6af4b00029.jpg,9
A-4149004-1582484363-5242.jpg,8
a7a6a09eaee7615042a85226a86a757d.jpg,2
a956f1cdf0ec4552496f47b70ecae10a.jpg,8
aa77bb38784170a1766d3047c1603409.jpg,9
Actress_Eva_Longoria.jpg,8.0
Adriana-Kalska_1986-Studio-Gama-3-e1673442802252.jpg,10
ae072a7c0006a8cbd205d1052de78127.jpg,9
ae7c87d39d1b9d2fa65374bfdd20_o_full.jpg,10
allef-vinicius-0Q7JlibkDY0-unsplash-1080x675.jpg,9
amber-heard-1-2000-6c6de5a526b440aeafff7dba01a1aece.jpg,8
amber-heard-hollywood-life-magazines-10th-annual-young-hollywood-awards-C0EK3N.jpg,8
anne-hathaway-at-the-one-day-premiere.jpg,9.0
annehathaway.jpg,9
article_container_width-1655226493a3347f.jpg,8
b1f928b03f3ecc7c20182701246344c8.jpg,8
bdda5e1f50c1f588af68d17c91ec30d2.jpg,9
Bogini.-Tajemnice-zycia-i-smierci-Marilyn-Monroe.jpg,9
braunek.jpg,7.0
brylska_6_of.jpg,9
"c4e12aadb0ab796e69fc67ba4e0b198f,0,0,0,0.jpg",9
c71e5168-b5cf-4ed0-811f-10e7ce3c23e3.jpeg,9
c87270eb-309e-46ac-af24-a369ef3678ef.jpg,10
calkiem-ranga-kobieta-usmiecha-portret-dojrzalej-kobiety-60-lat-z-pomarszczona-twarz-400-46870489.jpg,6
catherine-zeta-jones-movies-ranked-Americas-Sweethearts.jpeg,9
ce9b6e1a41ea15a6211f7c8d306c52f8.jpg,9
celia-jaunat-1.jpg,9
cf27532e-d15f-cbf5-14e3-c90fbb-65fc37fd73c10.jpeg,9
channels4_profile.jpg,9
Chirurg-plastyczny-wypunktowuje-kazda-operacje-Kendall-Jenner-dee6dd1.jpg,9
CMG0f2c85f7-b2a7-4ff7-99ca-0a3f9d6b00c0-1.jpg,9
d05d69b707033057b03a162a6a43a801.jpg,9
d0wq7nbjyty21.jpg,9
d8d02f338fcff4ce18842c1f861466f3.jpg,8.0
da9823f4981b44c1a2dc08492a345751.jpg,9
dbefe8c84c175e6b.jpg,9
dd7fcea60fe997ca6305cda6d03a5a2f.jpg,8.0
denise-richards-sending-a-kiss.png,9
depositphotos_12014249-stock-photo-woman-close-up-in-orange.jpg,9
depositphotos_218258508-stock-photo-alexandra-daddario-nomis-world-premiere.jpg,9
depositphotos_619974134-stock-photo-kendall-jenner-arrives-11th-annual.jpg,9
depositphotos_85187254-stock-photo-woman-relaxing-on-couch.jpg,3
Dodaj-naglowek-2025-03-10T083604.299-935887a.png,9
dua-lipa-2020-e1606353166283.jpg,8.0
DuaLipa-670x390.jpg,9
dw4bdtmm88hwfovibi289za42svuxyx8.jpg,3
ea85bc854173ac799856486456f47107.jpg,9
ecdcf0ebddce50e78b31626a32c134e3.jpg,9
efb733bb1c8d4ff11b0dc2c8a2959919.jpg,9
EK-IMG_-IMG_1000.jpg,3
EN015594430696-b9bccde-e1751730390449.jpg,8
EN016122040071-7a55278.jpg,9
Entrevista-Yanet9-1000x1517.jpg,8.0
EudjA26XYAkCtjN.jpg,8
ewa_b_fotomodelka_dojrzała-300x397.jpg,2
f838bcfc11d446521f65405a3451efc1.jpg,8
fa798d23b38801a28ba129f9483e3c36.jpg,9
fagata.jpg,10
feeeabbeba48e8582f9d5b143a2d6f20.jpg,9
football-italian-serie-a-ssc-napoli-vs-acf-fiorentina.jpg,9
fryzury-dla-pan-po-60-wlosy-poldlugie-05c5ef5.jpg,3
gabriela-tafur-credit-paul-saad-CC-BY-NC-ND-2.0-flickr.jpg,8.0
gettyimages-1149496843.jpg,9
GettyImages-147342337-e1642800047690.jpg,9
GettyImages-1712881542-1024x682.jpg,3
gettyimages-2018751344-612x612.jpg,8
gettyimages-2165916386-612x612.jpg,8
gettyimages-2182588509-6727fa0b565db.jpg,8
gf-12X9-dqyi-Zi3x_konstancja-dziewczyna-patryka-pedy-robi-furore-664x0-nocrop.jpg,8
gf-8mKT-7Rcy-miaH_klaudia-szafranska-w-szczerym-wywiadzie-opowiedziala-o-singlu-paryz-polnocy-1920x1080-nocrop.jpg,8
gf-9p3g-g4hX-qki9_margot-robbie-994x828.jpg,9
00000558.jpg,6
00000593.jpg,6
00000595.jpg,6
00000604.jpg,5
00000605.jpg,5
00000624.jpg,6.0
00000631.jpg,2
00000669.png,3
00000671.jpg,5.0
00000708.jpg,5
00000792.jpg,2
00000835.jpg,2
00000838.jpg,2
00000844.jpg,6.0
00000888.jpg,3.0
00000889.jpg,3
00000890.jpg,3
00000891.jpg,5
00000892.jpeg,7
00000893.jpg,6
00000894.jpg,7
00000895.jpg,5
00000896.jpg,3.0
00000897.png,5
00000900.png,2
00000901.jpg,7
00000902.jpg,6
00000903.jpg,8
00000904.png,8
00000905.jpg,2
00000907.jpg,4
00000908.jpg,4
00000909.jpg,4
00000910.jpg,4
00000914.jpg,5
00000920.jpg,7
00000921.jpg,6
00000922.jpg,6
00000923.jpg,8
00000962.jpg,3
00000963.jpg,3
00000964.jpg,3.0
00000965.jpeg,3
00000966.jpg,2
00000967.jpg,3
00000968.jpg,4
00000969.jpeg,5
00000970.jpg,5
00000971.png,5
00000972.jpg,5
00000973.jpg,2
00000974.jpg,4.0
00000975.jpg,2
00000976.jpg,2
00000977.jpg,8
00000978.jpg,7
00000979.jpg,7
00000980.jpg,4
00000981.jpg,2
00000982.jpg,6
00000983.jpg,7
00000985.jpg,5
00000986.jpg,6
00000987.jpg,6
00000988.jpg,2
00000989.jpg,3
00000990.jpg,2
00000991.png,7
00000993.jpg,6
00000994.jpg,7
00000995.jpg,1
00000996.jpg,2
00000997.jpg,6
00000998.jpg,5
00000999.jpg,2
00001023.jpg,6
00001024.jpeg,7
00001025.png,1.0
00001026.jpg,7
00001027.jpg,1
00001028.jpg,7
00001029.jpg,7
00001030.jpg,3
00001031.jpg,2
00001032.jpeg,7
00001033.jpg,5.0
00001034.jpg,2
00001035.jpg,3
00001036.jpg,2
00001037.jpg,7
00001038.jpg,2
00001039.jpg,6
00001041.jpg,3
00001042.jpg,2
00001043.jpg,6
00001044.jpg,1
00001062.jpg,1
00001063.jpg,5
00001064.jpg,8
00001065.jpg,2
00001067.jpg,3.0
00001068.jpg,2
00001069.jpg,4
00001070.jpg,5
00001071.jpg,2.0
00001072.jpg,3.0
00001073.jpeg,5
00001074.jpg,2
00001160.png,2
00001161.jpg,4
00001162.jpg,4
00001163.png,4
00001164.jpg,4
00001165.jpg,4
00001166.JPG,3
00001167.jpg,6
00001168.jpg,7
00001169.jpg,7
00001170.jpg,6
00001171.jpg,2.0
00001172.jpg,8
00001173.jpg,8
00001174.jpg,2
00001175.jpg,4
00001176.jpg,3
00001177.jpg,6
00001178.png,5
00001179.jpg,3
00001180.jpg,2
00001181.jpg,2
00001183.jpg,1
00001185.jpg,7
00001187.jpg,7
00001188.jpg,5
00001189.jpg,5
00001201.jpg,7
00001202.jpg,2
00001204.jpg,3
00001206.jpg,7
00001208.jpg,6
00001209.jpg,7
00001217.jpg,6
00001218.jpeg,6
00001223.jpg,2.0
00001225.png,2
00001226.jpg,3
00001231.jpg,3
00001234.jpg,3
00001241.jpg,4
00001242.jpg,4
00001243.jpg,4
00001252.jpg,3
00001253.jpg,2
00001254.jpg,6
00001256.jpg,5
00001257.jpg,3
00001267.jpg,3
00001268.jpg,7
00001269.jpg,2
00001270.jpg,7
00001271.jpg,6
00001278.jpg,2
00001280.jpg,3.0
00001281.jpg,2
00001282.jpg,4
00001295.png,1
00001296.jpg,6
00001297.jpg,6
00001298.jpg,7
00001300.jpg,7
00001305.jpg,2
00001306.jpg,1
00001315.jpg,2
00001316.jpg,7
00001317.jpg,2
00001318.jpg,6
00001319.jpg,2
00001329.jpg,4
00001330.jpg,4
00001331.jpg,1
00001339.jpg,7
00001348.jpg,6
00001349.jpg,1
00001350.jpg,5
00001351.jpg,1
00001357.jpg,7
00001358.jpg,5
00001360.jpg,6
00001376.JPG,6
00001377.jpg,2
00001378.jpg,7
00001379.jpg,5
00001381.jpg,2.0
00001382.jpg,2
00001384.jpg,5
00001385.png,5
00001386.jpg,5
00001387.png,7
00001404.jpg,4
00001407.jpg,4
00001408.jpg,2
00001412.jpg,1
00001413.jpg,2
00001414.jpg,6
00001415.jpg,6
00001416.jpg,7.0
00001417.jpg,7
00001418.jpg,5.0
00001424.jpg,1
00001425.jpg,1
00001429.jpg,1
00001431.JPG,3.0
00001438.jpg,3
00001439.jpg,3
00001446.jpg,1
00001451.jpg,2
00001452.jpg,9
00001465.jpg,8
00001468.jpg,6
00001471.jpg,2
00001482.jpg,1
00001487.jpg,2
00001498.jpg,5
00001500.jpg,1
00001501.jpg,7
00001513.jpg,3
00001516.jpg,2
00001523.jpg,2
00001524.jpg,4
00001527.png,4
00001538.jpg,6
00001539.jpg,7
00001551.jpg,2
00001552.jpg,3
00001554.jpg,4
00001556.jpg,6
00001558.jpg,7
00001563.jpg,4
00001578.PNG,5
00001589.jpg,5
00001603.jpg,6
00001610.jpg,6
00001641.jpg,7
00001643.jpg,6
00001644.jpg,6
00001652.jpg,6
0007FFLU1KUI1N86-C461-F4.jpg,10
gf-GhWd-tbTA-DBM2_fagata-1920x1080-nocrop.jpg,9
gf-ToxJ-5EYa-gbF5_blanka-994x828.jpg,9
GNLZZGG002C1CFM.jpg,8
hqdefault.jpg,9
img9eCIn2-b16e5a9.jpg,8
imgKV1cgb-70d503d.jpg,8
imgmDczzI-a5cca41.jpg,9
imgNtb0z1-18709ca.jpg,9
imgppv2CB-0d1b697.jpg,9
imgv5R8U6-73d075c.jpg,9.0
imgVsf8qk-e510e8c.jpg,8.0
imgWJrMfZ-9852b2f.jpg,8
imgxXLryv-7573c43.jpg,8
imgY1YMHt-3ddb82c.jpg,10
intro-1747245555.jpg,9
Irina_Shayk_Milan_Fashion_Show_(cropped).jpg,8
isabella-brana-eva-longoria-tyatr-2001-cbs-576x1024.jpg,9
istockphoto-1496615021-612x612.jpg,8.0
istockphoto-182506689-1024x1024.jpg,2
istockphoto-2157073181-612x612.jpg,7
istockphoto-481318083-1024x1024.jpg,2
Joanna-Kuchta-08e5d91.png,9.0
Joanna-Przetakiewicz-888x500.jpg,8
julia-roberts-pretty-woman-1990.jpg,9
Katarzyna-Zawadzka.jpg,8
Kendall-Jenner-cbc029d.jpg,9
klaudia-szafranska-7-a.jpg,8
klaudia-szafranska.jpg,8
Klaudia-Szafrańska.jpg,8
kobieta-po-60-3ee9c64.jpg,2
kobieta.jpg,7
lk1uS1S2_200x200.jpg,8.0
los-angeles-ca-july-7-1998-actress-salma-hayek-at-the-world-premiere-of-lethal-weapon-4-at-manns-chinese-theatre-hollywood-T19EY8.jpg,8.0
Luxury-Girl6.jpg,10
Luxury_Girl_2023.jpg,10
Maffashion-ambasadork-Avon-98155-detailpp.jpeg,9
Maja-54-d563960-e1748714094489.jpg,9
Marilyn-Monroe-włosy.jpg,9
Megan_Fox_2.jpg,9.0
modna-60-latka3.jpg,3
MOHITO-Sandra-Kubicka-002-450x600.jpg,8
MV5BMTc5MjgyMzk4NF5BMl5BanBnXkFtZTcwODk2OTM4Mg@@._V1_FMjpg_UX1000_.jpg,9
MV5BMTU2Njk0NTUyNl5BMl5BanBnXkFtZTcwODE0OTgyNw@@._V1_FMjpg_UX1000_.jpg,9
MV5BYjViMTk3ODAtM2Y3Yy00NzA0LWJmM2QtMTcxYmQ4MzU5NzJmXkEyXkFqcGc@._V1_.jpg,10
MV5BZDc2OGFhOGEtNTRlNC00NjU1LWJlODMtZGZhZmJjZWM0NGMxXkEyXkFqcGc@._V1_.jpg,9
MV5BZjliYzIwNzgtYTM3OS00YjBkLTgzYzYtZTA2MTdkNGMwNTdlXkEyXkFqcGc@._V1_FMjpg_UX1000_.jpg,9
MW_A.Lewandowska_141117._0866-1020x1530.jpg,8
pakiet-kobieta-60-po-60-roku-zycia-2-badamysie.jpg,4
PAM-GIF-2.jpeg,9
pamandersonmakeup90s-ff92afdb152d47b29e5a230665f32afe.png,8
pamela-anderson-recalls-wild-unhibited-90s-style-081723-tout-c8237ffe0e9d483d934a1e1a493e4939 (1).jpg,8
pamela-anderson-recalls-wild-unhibited-90s-style-081723-tout-c8237ffe0e9d483d934a1e1a493e4939.jpg,8
Pamela-Anderson-Smashbox-Campaign-tout-2-021524-ea6aa4f80c46446697bbac746d9dfc0a.jpg,8
pexels-alipazani-2613260.jpg,7
pexels-moose-photos-170195-1036620.jpg,7
pexels-pixabay-60712.jpg,8
photo_61991_1591598294_big.jpg,8
photo_76556_1684124128_big.jpg,9
piekna-kobieta-1-29f6b37.png,8
Projekt-bez-nazwy-2025-04-22T113510.261-985b122.jpg,8
rw0jigyt7tkd1.jpeg,9
s-l1200.jpg,10
s-l400.jpg,9
salma-1995-12c5e9baef654d5b85a2dc4bd9c0a24d.jpg,9
salma-hayek-1980s-16.jpg,10
Salma-Hayek-Actress-Far-Out-Magazine-F-1140x855.jpg,8.0
sandra-kubicka-twarz.jpg,8
screenshot-2024-09-22-at-5.24.58pm.png,8
shutterstock_2330948489-scaled.jpg,9
silne-kobiety.jpg,7
simple-and-young-anne-hathaway-0uql2xm0q00m3tuc.jpg,9
sofia-vergara-0500f6f093219d5aef2d88480a8956e23a418cf7.jpg,8
sofia-vergara-2002-mtv-awards.jpg,8
Teresa_Lipowska_(2).jpg,2
ulubione-kosmetyki-duy-lipy-co-artystka-ma-w-swojej-kosmetyczce-b9a4b2c.jpeg,9
unnamed-file-4f7c534.jpeg,8.0
unnamed-file-d3f1384.jpeg,9
web.ae_.theroaring90s9.COURTESY.jpg,8
weronikawoszczek.jpg,8
wiktoria-gasiewska-odpowiedziala-na-komentarz-na-temat-swojej-fryzury-1b30898.jpeg,9
women-actress-salma-hayek-wallpaper-preview.jpg,9
young-anne-hathaway-up9rk0n4d3kygi9c.jpg,9
"z16199456IEG,Malgorzata-Braunek.jpg",8
"z21894533Q,Celia-Jaunat-potrafi-zachwycic-cialem--Francuzka-w.jpg",8
"z21894534IH,Celia-Jaunat-doskonale-wie--jak-wywolac-wokol-sieb.jpg",8
"z23940804Q,Swiatowy-Dzien-Feministek--Wy-nam-dacie-pieniadze-.jpg",7
"z26359980Q,Fryzury-dla-pan-po-60-tce--Te-ciecia-dzialaja-nicz.jpg",4
"z27736833Q,Kim-jest-Jakub-Lipowski--Wiktoria-Gasiewska-po-fin.jpg",8
"z27839120Q,Szczesliwa-kobieta.jpg",8
"z28326060Q,Marcelina-Zawadzka.jpg",9
"z28752913IER,Marcelina-Zawadzka.jpg",9
"z28914487AMP,Dorota-Rabczewska-wygrala-z-Polska-przed-Europejsk.jpg",9
"z29798234IHR,Roxie-Wegiel.jpg",9
"z30088169Q,Dua-Lipa.jpg",9.0
"z30214371IHR,Magdalena-Karwacka.jpg",8
"z30425830Q,Sandra-Kubicka.jpg",8
"z30895612IBR,Teresa-Lipowska-zagrala-w-filmie--Uwierz-w-Mikolaj.jpg",3
"z31276222IHR,Maria-Debska-w-krolewskim-stylu-na-pokazie--Wszysc.jpg",8
"z31502606AMP,Ewa-Kasprzyk.jpg",3.0
"z31515870IHR,Wiktoria-Gasiewska-przeszla-spektakularna-metamorf.jpg",8
"z31699836IHR,Maffashion-zachwycila-w-nietuzinkowej-stylizacji--.jpg",8
"z32091473Q,Maffashion.jpg",8
zdjecie-glowne-11-2024-04-29T152041.552-a81d8f1.jpg,8
zdrowe-kobiety.jpg,3
